﻿<?xml version="1.0" encoding="UTF-8" ?>
<!DOCTYPE configuration
PUBLIC "-//mybatis.org//DTD Config 3.0//EN"
"http://mybatis.org/dtd/mybatis-3-config.dtd">
<configuration>
	<!--配置别名 -->
	<typeAliases>
		<package name="cn.bsuc.jr.domain" />
	</typeAliases>
	<!--配置环境 -->
	<environments default="mysql">
		<environment id="mysql">
			<transactionManager type="JDBC" />
			<dataSource type="POOLED">
				<property name="driver" value="com.mysql.jdbc.Driver" />
				<property name="url"
					value="jdbc:mysql://localhost:3306/shop" />
				<property name="username" value="root" />
				<property name="password" value="123" />
			</dataSource>
		</environment>
	</environments>
	<!--引入映射文件 -->
	<mappers>
		<!-- <mapper resource="com/qfedu/mapper/StuMapper.xml" />
		<mapper class="cn.bsuc.jr.dao.UserMapper"/>
		
	</mappers>
</configuration>
