<?xml version="1.0" encoding="UTF-8"?>
<!DOCTYPE generatorConfiguration
        PUBLIC "-//mybatis.org//DTD MyBatis Generator Configuration 1.0//EN"
        "http://mybatis.org/dtd/mybatis-generator-config_1_0.dtd">

<generatorConfiguration>
    <classPathEntry
            location="mysql-connector-java-5.1.41.jar"/>
    <context id="my" targetRuntime="MyBatis3">
        <commentGenerator>
            <property name="suppressAllComments" value="true"/>
            <property name="suppressDate" value="true"/>
        </commentGenerator>

        <jdbcConnection driverClass="com.mysql.jdbc.Driver"
                        connectionURL="jdbc:mysql://localhost:3306/shop" userId="root"
                        password="123"/>

        <javaModelGenerator targetPackage="cn.bsuc.jr.domain"
                            targetProject="./generatored">
            <property name="enableSubPackages" value="true"/>
            <property name="trimStrings" value="true"/>
        </javaModelGenerator>

        <sqlMapGenerator targetPackage="dao"
                         targetProject="./generatored">
            <property name="enableSubPackages" value="true"/>
        </sqlMapGenerator>

        <javaClientGenerator targetPackage="cn.bsuc.jr.dao"
                             targetProject="./generatored" type="ANNOTATEDMAPPER">
            <property name="enableSubPackages" value="true"/>
        </javaClientGenerator>

        <table tableName="t_user" domainObjectName="User"  enableCountByExample="false" enableUpdateByExample="false" enableDeleteByExample="false" enableSelectByExample="false" selectByExampleQueryId="false" />
        <table tableName="t_useraddress" domainObjectName="UserAddress"  enableCountByExample="false" enableUpdateByExample="false" enableDeleteByExample="false" enableSelectByExample="false" selectByExampleQueryId="false" />
<table tableName="t_orderdetail" domainObjectName="OrderDetail"  enableCountByExample="false" enableUpdateByExample="false" enableDeleteByExample="false" enableSelectByExample="false" selectByExampleQueryId="false" />
<table tableName="t_order" domainObjectName="Order"  enableCountByExample="false" enableUpdateByExample="false" enableDeleteByExample="false" enableSelectByExample="false" selectByExampleQueryId="false" />
<table tableName="t_goodstype" domainObjectName="GoodsType"  enableCountByExample="false" enableUpdateByExample="false" enableDeleteByExample="false" enableSelectByExample="false" selectByExampleQueryId="false" />
<table tableName="t_goods" domainObjectName="Goods"  enableCountByExample="false" enableUpdateByExample="false" enableDeleteByExample="false" enableSelectByExample="false" selectByExampleQueryId="false" />
<table tableName="t_cartdetail" domainObjectName="CartDetail"  enableCountByExample="false" enableUpdateByExample="false" enableDeleteByExample="false" enableSelectByExample="false" selectByExampleQueryId="false" />
<table tableName="t_cart" domainObjectName="Cart"  enableCountByExample="false" enableUpdateByExample="false" enableDeleteByExample="false" enableSelectByExample="false" selectByExampleQueryId="false" />
    </context>
</generatorConfiguration>